source,target,weight
0,2,0.17260783157890536
0,3,0.15164493024349213
1,3,0.14273419976234436
3,4,0.13219396770000458
