source,target,weight
0,4,0.18032505722573672
1,4,0.08303239196538925
2,3,0.1397852748632431
