source,target,weight
0,4,0.15852594375610352
1,5,0.12649761174397467
2,3,0.2523145377635956
