source,target,weight
0,25,0.23364129161598776
1,68,0.28455590511979123
1,78,0.24072837123664226
2,4,0.2812273638863082
3,7,0.3428011341753577
3,32,0.23463277150742623
4,14,0.40984399534872146
5,42,0.31506503830009736
5,27,0.27761438105668856
6,20,0.9999999999999999
6,21,0.9999999999999999
6,22,0.9999999999999999
6,24,0.9999999999999999
6,28,0.9999999999999999
6,33,0.9999999999999999
6,35,0.9999999999999999
6,36,0.9999999999999999
6,37,0.9999999999999999
6,47,0.28273141038705907
6,53,0.9999999999999999
6,70,0.9999999999999999
6,72,0.9999999999999999
6,76,0.9999999999999999
6,77,0.9999999999999999
6,80,0.9999999999999999
6,81,0.9999999999999999
6,95,0.9999999999999999
6,96,0.9999999999999999
6,99,0.9999999999999999
6,101,0.9999999999999999
7,8,0.3500279750035717
8,12,0.2454165369272232
9,40,0.16626050784603646
10,13,0.20994341838592526
11,42,0.24789232967894026
13,18,0.3160753500000345
15,47,0.23050411421954403
15,94,0.22771049469689636
16,68,0.27233681011252636
17,48,0.21692940357888105
17,19,0.15191741287708282
23,71,0.20657567974728674
25,75,0.3866586272256173
25,49,0.31397496797905833
25,71,0.36603414690713904
26,31,0.16261442005634308
29,31,0.32022735476493835
29,30,0.16198834776878357
30,73,0.13505765795707703
34,48,0.23024441150998726
38,82,0.16733034859002915
39,71,0.32463634657263085
39,74,0.2716399291306273
40,97,0.3732352651930368
41,48,0.2950031659487838
42,69,0.349002479253121
43,52,0.28041651979916615
44,82,0.1906363433264951
45,46,0.4162802735377694
48,67,0.3771561615050495
50,103,0.33123849423277907
50,55,0.1457575190607446
51,67,0.44486933752888064
51,69,0.4282095231236944
51,97,0.39188330068154664
52,79,0.25522351138395416
54,57,0.48552708586443827
56,98,0.169419602672658
58,59,0.6366337746893411
59,60,0.397790976589766
59,61,0.5016209845032216
61,63,0.4198895874271108
62,64,0.4453220975876783
62,91,0.2524640298781985
64,66,0.46244632557229476
65,66,0.545306203293816
67,68,0.30129859688480287
82,92,0.41999720502154825
83,87,0.42056147071148564
84,92,0.414273625058891
85,87,0.5130267025182162
85,93,0.42887825636388827
85,102,0.2783934064881848
86,92,0.5180087440478618
86,88,0.5004598248323673
86,90,0.4187497910186163
89,90,0.40201474433971274
97,100,0.28924356453083927
97,104,0.3094865946083344
105,106,0.3664426485717012
106,107,0.3638834276798834
