source,target,weight
1,10,0.4332661600116873
1,24,0.5125453613625082
1,25,0.40095035346645014
14,15,1.0000001192092902
17,18,0.43970255511783163
24,25,0.5527376735606992
