source,target,weight
8,9,0.4508798090281462
10,11,0.4124406005238085
10,15,0.41618835841545826
20,30,0.4090981939403327
30,31,0.535966455072535
