source,target,weight
17,18,0.41313322319535256
59,87,0.4150556367753601
