source,target,weight
31,32,0.467978336873781
31,33,0.4521365535039853
33,34,0.40652498428951167
36,58,0.44897667889828213
59,63,0.4197488184730227
59,91,0.40492110022057276
